mse,r2,mape,mae
1.5567157152287674e+16,0.7169840296093629,6.6002033535997775,77057838.01880844
